{"stats":{"minecraft:mined":{"minecraft:short_grass":1,"minecraft:grass_block":2,"minecraft:oak_log":6,"minecraft:oak_leaves":1},"minecraft:custom":{"minecraft:jump":25,"minecraft:damage_taken":25,"minecraft:time_since_rest":4469,"minecraft:leave_game":4,"minecraft:play_time":4469,"minecraft:time_since_death":4469,"minecraft:crouch_one_cm":12,"minecraft:sprint_one_cm":3838,"minecraft:walk_on_water_one_cm":565,"minecraft:walk_one_cm":4717,"minecraft:sneak_time":21,"minecraft:total_world_time":4469,"minecraft:walk_under_water_one_cm":317,"minecraft:swim_one_cm":4972,"minecraft:fall_one_cm":418,"minecraft:fly_one_cm":1079},"minecraft:picked_up":{"minecraft:oak_log":6,"minecraft:dirt":1}},"DataVersion":3955}