{"stats":{"minecraft:crafted":{"minecraft:oak_planks":24,"minecraft:crafting_table":1,"minecraft:stick":4,"minecraft:wooden_pickaxe":1,"minecraft:stone_pickaxe":1,"minecraft:jungle_planks":16},"minecraft:used":{"minecraft:sticky_piston":3,"minecraft:command_block":1,"minecraft:stone_pickaxe":13,"minecraft:redstone":2,"minecraft:oak_planks":5,"minecraft:wooden_pickaxe":9,"minecraft:stone":16,"minecraft:redstone_block":3,"minecraft:repeater":1,"minecraft:dirt":14,"minecraft:comparator":3,"minecraft:crafting_table":1,"minecraft:hopper":7},"minecraft:custom":{"minecraft:time_since_rest":29036,"minecraft:sprint_one_cm":10058,"minecraft:damage_taken":50,"minecraft:walk_one_cm":31223,"minecraft:drop":4,"minecraft:inspect_hopper":16,"minecraft:interact_with_crafting_table":2,"minecraft:swim_one_cm":4972,"minecraft:fly_one_cm":11756,"minecraft:crouch_one_cm":1241,"minecraft:play_time":29036,"minecraft:sneak_time":631,"minecraft:walk_under_water_one_cm":317,"minecraft:jump":110,"minecraft:leave_game":5,"minecraft:time_since_death":29036,"minecraft:walk_on_water_one_cm":565,"minecraft:total_world_time":29036,"minecraft:fall_one_cm":2359},"minecraft:dropped":{"minecraft:oak_sapling":2,"minecraft:oak_planks":38,"minecraft:stick":1},"minecraft:picked_up":{"minecraft:stick":2,"minecraft:pumpkin":1,"minecraft:jungle_log":4,"minecraft:oak_log":6,"minecraft:diorite":1,"minecraft:dirt":15,"minecraft:wheat_seeds":1,"minecraft:oak_sapling":2,"minecraft:oak_planks":19,"minecraft:coal":4,"minecraft:cobblestone":17},"minecraft:mined":{"minecraft:jungle_leaves":4,"minecraft:pumpkin":1,"minecraft:short_grass":1,"minecraft:coal_ore":4,"minecraft:oak_log":6,"minecraft:grass_block":6,"minecraft:jungle_log":4,"minecraft:dirt":9,"minecraft:stone":17,"minecraft:diorite":1,"minecraft:oak_leaves":1}},"DataVersion":3955}