{"stats":{"minecraft:crafted":{"minecraft:oak_planks":24},"minecraft:used":{"minecraft:sticky_piston":3,"minecraft:dirt":2,"minecraft:comparator":2,"minecraft:hopper":7,"minecraft:command_block":1,"minecraft:redstone":2,"minecraft:oak_planks":5,"minecraft:stone":2,"minecraft:redstone_block":2},"minecraft:custom":{"minecraft:time_since_rest":11445,"minecraft:crouch_one_cm":846,"minecraft:sprint_one_cm":4308,"minecraft:play_time":11445,"minecraft:damage_taken":25,"minecraft:walk_one_cm":19249,"minecraft:sneak_time":507,"minecraft:walk_under_water_one_cm":317,"minecraft:drop":4,"minecraft:jump":53,"minecraft:inspect_hopper":4,"minecraft:leave_game":4,"minecraft:walk_on_water_one_cm":565,"minecraft:time_since_death":11445,"minecraft:total_world_time":11445,"minecraft:swim_one_cm":4972,"minecraft:fall_one_cm":418,"minecraft:fly_one_cm":1460},"minecraft:dropped":{"minecraft:oak_planks":38,"minecraft:stick":1,"minecraft:oak_sapling":2},"minecraft:picked_up":{"minecraft:stick":2,"minecraft:oak_log":6,"minecraft:oak_sapling":2,"minecraft:oak_planks":19,"minecraft:dirt":2},"minecraft:mined":{"minecraft:short_grass":1,"minecraft:grass_block":2,"minecraft:oak_log":6,"minecraft:oak_leaves":1}},"DataVersion":3955}