{"stats":{"minecraft:crafted":{"minecraft:oak_planks":4,"minecraft:crafting_table":1,"minecraft:jungle_planks":12,"minecraft:wooden_axe":1},"minecraft:used":{"minecraft:wooden_axe":9,"minecraft:dirt":9,"minecraft:crafting_table":1,"minecraft:oak_sapling":3,"minecraft:oak_planks":22},"minecraft:custom":{"minecraft:time_since_rest":5691,"minecraft:crouch_one_cm":359,"minecraft:sprint_one_cm":10723,"minecraft:play_time":5691,"minecraft:walk_one_cm":17384,"minecraft:sneak_time":144,"minecraft:jump":86,"minecraft:damage_dealt":15,"minecraft:leave_game":1,"minecraft:time_since_death":5691,"minecraft:total_world_time":5691,"minecraft:climb_one_cm":454,"minecraft:interact_with_crafting_table":2,"minecraft:fly_one_cm":18812,"minecraft:fall_one_cm":2417},"minecraft:picked_up":{"minecraft:cocoa_beans":6,"minecraft:stick":2,"minecraft:rotten_flesh":5,"minecraft:jungle_log":6,"minecraft:wheat_seeds":3,"minecraft:oak_log":6,"minecraft:oak_sapling":3,"minecraft:melon_slice":10,"minecraft:oak_planks":23,"minecraft:dirt":9},"minecraft:mined":{"minecraft:short_grass":8,"minecraft:oak_log":6,"minecraft:melon":3,"minecraft:jungle_log":6,"minecraft:oak_planks":4,"minecraft:oak_leaves":2,"minecraft:fern":1}},"DataVersion":3955}