{"stats":{"minecraft:crafted":{"minecraft:oak_planks":4,"minecraft:crafting_table":2,"minecraft:stick":8,"minecraft:wooden_pickaxe":1,"minecraft:stone_pickaxe":1,"minecraft:wooden_axe":1,"minecraft:torch":4,"minecraft:birch_planks":24,"minecraft:jungle_planks":24},"minecraft:used":{"minecraft:oak_log":5,"minecraft:wooden_axe":46,"minecraft:melon_slice":3,"minecraft:stone_pickaxe":2,"minecraft:oak_planks":30,"minecraft:wooden_pickaxe":20,"minecraft:rotten_flesh":4,"minecraft:torch":7,"minecraft:cobblestone":3,"minecraft:dirt":9,"minecraft:crafting_table":3,"minecraft:oak_sapling":3,"minecraft:jungle_planks":16},"minecraft:custom":{"minecraft:time_since_rest":112,"minecraft:sprint_one_cm":39747,"minecraft:damage_taken":360,"minecraft:walk_one_cm":45820,"minecraft:mob_kills":6,"minecraft:damage_dealt":750,"minecraft:swim_one_cm":1353,"minecraft:interact_with_crafting_table":5,"minecraft:fly_one_cm":82731,"minecraft:deaths":1,"minecraft:crouch_one_cm":1515,"minecraft:play_time":19880,"minecraft:sneak_time":801,"minecraft:walk_under_water_one_cm":248,"minecraft:jump":378,"minecraft:leave_game":2,"minecraft:walk_on_water_one_cm":1817,"minecraft:time_since_death":77,"minecraft:climb_one_cm":532,"minecraft:total_world_time":19880,"minecraft:fall_one_cm":11664},"minecraft:killed_by":{"minecraft:creeper":1},"minecraft:killed":{"minecraft:skeleton":1,"minecraft:sheep":3,"minecraft:zombie":1,"minecraft:cow":1},"minecraft:picked_up":{"minecraft:birch_log":6,"minecraft:cocoa_beans":6,"minecraft:stick":2,"minecraft:crafting_table":1,"minecraft:jungle_log":6,"minecraft:brown_wool":1,"minecraft:torch":3,"minecraft:oak_log":6,"minecraft:diorite":1,"minecraft:dirt":11,"minecraft:bone":1,"minecraft:rotten_flesh":7,"minecraft:wheat_seeds":5,"minecraft:beef":1,"minecraft:jungle_sapling":2,"minecraft:coal":1,"minecraft:light_gray_wool":1,"minecraft:birch_sapling":1,"minecraft:oak_sapling":3,"minecraft:melon_slice":10,"minecraft:mutton":5,"minecraft:oak_planks":26,"minecraft:white_wool":1,"minecraft:cobblestone":22},"minecraft:mined":{"minecraft:birch_log":6,"minecraft:crafting_table":1,"minecraft:short_grass":24,"minecraft:coal_ore":1,"minecraft:oak_log":6,"minecraft:melon":3,"minecraft:jungle_planks":1,"minecraft:jungle_log":6,"minecraft:dirt":2,"minecraft:cobblestone":1,"minecraft:stone":17,"minecraft:diorite":1,"minecraft:oak_planks":7,"minecraft:oak_leaves":2,"minecraft:fern":3}},"DataVersion":3955}